run_id,test_loss,test_acc,test_auc
1,nan,0.6762435897435898,0.8530793131163709
